"Path","Length"
"docs\ANDROCT_AUXILIARY_EXPERIMENT_PROCESS_20260517.md","5004"
"docs\ANDROCT_AUXILIARY_REPLICATION_PLAN_20260516.md","4542"
"docs\ANDROCT_KRONODROID_PROTOCOL_ALIGNMENT_20260516.md","2621"
"docs\ANDROCT_SECOND_MAIN_DATASET_EXPERIMENT_PLAN_20260515.md","7419"
"README.md","2777"
"scripts\accelerate_androct_pooled_hzt3.sh","1573"
"scripts\androct_launch_missing_jobs.sh","1979"
"scripts\androct_missing_daemon.sh","2188"
"scripts\deploy_androct_second_main.py","8915"
"scripts\launch_androct_auxiliary_hzt3.sh","4481"
"scripts\launch_androct_auxiliary_pooled_shards_hzt3.sh","4842"
"scripts\merge_androct_auxiliary_shards.py","3636"
"scripts\monitor_androct_auxiliary_hzt3.sh","1045"
"scripts\pull_androct_auxiliary_results_hzt3.ps1","4541"
"scripts\run_androct_auxiliary_experiments.py","27049"
"scripts\run_androct_sgfe_experiment.py","20066"
"scripts\run_one_androct_hzt3.sh","491"
"scripts\upload_androct_to_matpool.py","4536"
